<OpenViBE-Scenario>
	<Boxes>
		<Box>
			<Identifier>(0x00000ced, 0x00001256)</Identifier>
			<Name>Analog VRPN Server</Name>
			<AlgorithmClassIdentifier>(0x0ddc3a7e, 0x6f6e6401)</AlgorithmClassIdentifier>
			<Inputs>
				<Input>
					<TypeIdentifier>(0x544a003e, 0x6dcba5f6)</TypeIdentifier>
					<Name>Input 1</Name>
				</Input>
			</Inputs>
			<Settings>
				<Setting>
					<TypeIdentifier>(0x79a9edeb, 0x245d83fc)</TypeIdentifier>
					<Name>Peripheral name</Name>
					<DefaultValue>openvibe-vrpn</DefaultValue>
					<Value>liveEEG</Value>
				</Setting>
			</Settings>
			<Attributes>
				<Attribute>
					<Identifier>(0x1fa7a38f, 0x54edbe0b)</Identifier>
					<Value>272</Value>
				</Attribute>
				<Attribute>
					<Identifier>(0x1fa963f5, 0x1a638cd4)</Identifier>
					<Value>39</Value>
				</Attribute>
				<Attribute>
					<Identifier>(0x207c9054, 0x3c841b63)</Identifier>
					<Value>256</Value>
				</Attribute>
				<Attribute>
					<Identifier>(0x4e7b798a, 0x183beafb)</Identifier>
					<Value>(0x2f4c9e00, 0x5dc619e4)</Value>
				</Attribute>
				<Attribute>
					<Identifier>(0xad100179, 0xa3c984ab)</Identifier>
					<Value>141</Value>
				</Attribute>
				<Attribute>
					<Identifier>(0xce18836a, 0x9c0eb403)</Identifier>
					<Value>1</Value>
				</Attribute>
				<Attribute>
					<Identifier>(0xcfad85b0, 0x7c6d841c)</Identifier>
					<Value>1</Value>
				</Attribute>
				<Attribute>
					<Identifier>(0xfba64161, 0x65304e21)</Identifier>
					<Value></Value>
				</Attribute>
			</Attributes>
		</Box>
		<Box>
			<Identifier>(0x0000124e, 0x00007581)</Identifier>
			<Name>Acquisition client</Name>
			<AlgorithmClassIdentifier>(0x35d225cb, 0x3e6e3a5f)</AlgorithmClassIdentifier>
			<Outputs>
				<Output>
					<TypeIdentifier>(0x403488e7, 0x565d70b6)</TypeIdentifier>
					<Name>Experiment information</Name>
				</Output>
				<Output>
					<TypeIdentifier>(0x5ba36127, 0x195feae1)</TypeIdentifier>
					<Name>Signal strea</Name>
				</Output>
				<Output>
					<TypeIdentifier>(0x6f752dd0, 0x082a321e)</TypeIdentifier>
					<Name>Stimulations</Name>
				</Output>
				<Output>
					<TypeIdentifier>(0x013df452, 0xa3a8879a)</TypeIdentifier>
					<Name>Channel localisation</Name>
				</Output>
			</Outputs>
			<Settings>
				<Setting>
					<TypeIdentifier>(0x79a9edeb, 0x245d83fc)</TypeIdentifier>
					<Name>Acquisition server hostname</Name>
					<DefaultValue>${AcquisitionServer_HostName}</DefaultValue>
					<Value>${AcquisitionServer_HostName}</Value>
				</Setting>
				<Setting>
					<TypeIdentifier>(0x007deef9, 0x2f3e95c6)</TypeIdentifier>
					<Name>Acquisition server port</Name>
					<DefaultValue>1024</DefaultValue>
					<Value>1024</Value>
				</Setting>
			</Settings>
			<Attributes>
				<Attribute>
					<Identifier>(0x1fa7a38f, 0x54edbe0b)</Identifier>
					<Value>32</Value>
				</Attribute>
				<Attribute>
					<Identifier>(0x1fa963f5, 0x1a638cd4)</Identifier>
					<Value>26</Value>
				</Attribute>
				<Attribute>
					<Identifier>(0x207c9054, 0x3c841b63)</Identifier>
					<Value>224</Value>
				</Attribute>
				<Attribute>
					<Identifier>(0x4e7b798a, 0x183beafb)</Identifier>
					<Value>(0x0ff4da41, 0xc6a874c2)</Value>
				</Attribute>
				<Attribute>
					<Identifier>(0xad100179, 0xa3c984ab)</Identifier>
					<Value>120</Value>
				</Attribute>
				<Attribute>
					<Identifier>(0xc80ce8af, 0xf699f813)</Identifier>
					<Value>4</Value>
				</Attribute>
				<Attribute>
					<Identifier>(0xce18836a, 0x9c0eb403)</Identifier>
					<Value>2</Value>
				</Attribute>
			</Attributes>
		</Box>
		<Box>
			<Identifier>(0x00003981, 0x000017b1)</Identifier>
			<Name>Terminate scenario</Name>
			<AlgorithmClassIdentifier>(0x5f426dce, 0x08456e13)</AlgorithmClassIdentifier>
			<Inputs>
				<Input>
					<TypeIdentifier>(0x6f752dd0, 0x082a321e)</TypeIdentifier>
					<Name>Stimulations</Name>
				</Input>
			</Inputs>
			<Settings>
				<Setting>
					<TypeIdentifier>(0x2c132d6e, 0x44ab0d97)</TypeIdentifier>
					<Name>Stimulation name</Name>
					<DefaultValue>OVTK_StimulationId_Label_00</DefaultValue>
					<Value>OVTK_StimulationId_ExperimentStop</Value>
				</Setting>
				<Setting>
					<TypeIdentifier>(0xcc14d8d6, 0xf27ecb73)</TypeIdentifier>
					<Name>Action to perform</Name>
					<DefaultValue>Pause</DefaultValue>
					<Value>Stop</Value>
				</Setting>
			</Settings>
			<Attributes>
				<Attribute>
					<Identifier>(0x1fa7a38f, 0x54edbe0b)</Identifier>
					<Value>192</Value>
				</Attribute>
				<Attribute>
					<Identifier>(0x1fa963f5, 0x1a638cd4)</Identifier>
					<Value>39</Value>
				</Attribute>
				<Attribute>
					<Identifier>(0x207c9054, 0x3c841b63)</Identifier>
					<Value>496</Value>
				</Attribute>
				<Attribute>
					<Identifier>(0x4e7b798a, 0x183beafb)</Identifier>
					<Value>(0x568d148e, 0x650792b3)</Value>
				</Attribute>
				<Attribute>
					<Identifier>(0xad100179, 0xa3c984ab)</Identifier>
					<Value>134</Value>
				</Attribute>
				<Attribute>
					<Identifier>(0xce18836a, 0x9c0eb403)</Identifier>
					<Value>2</Value>
				</Attribute>
				<Attribute>
					<Identifier>(0xcfad85b0, 0x7c6d841c)</Identifier>
					<Value>1</Value>
				</Attribute>
			</Attributes>
		</Box>
		<Box>
			<Identifier>(0x0000727d, 0x00004fc0)</Identifier>
			<Name>Button VRPN Client</Name>
			<AlgorithmClassIdentifier>(0x40714327, 0x458877d2)</AlgorithmClassIdentifier>
			<Outputs>
				<Output>
					<TypeIdentifier>(0x6f752dd0, 0x082a321e)</TypeIdentifier>
					<Name>Output 1</Name>
				</Output>
				<Output>
					<TypeIdentifier>(0x6f752dd0, 0x082a321e)</TypeIdentifier>
					<Name>Output 2</Name>
				</Output>
			</Outputs>
			<Settings>
				<Setting>
					<TypeIdentifier>(0x79a9edeb, 0x245d83fc)</TypeIdentifier>
					<Name>Peripheral name</Name>
					<DefaultValue>openvibe-vrpn@localhost</DefaultValue>
					<Value>cent_button_vrpn@localhost:3884</Value>
				</Setting>
				<Setting>
					<TypeIdentifier>(0x2c132d6e, 0x44ab0d97)</TypeIdentifier>
					<Name>Button 1 ON</Name>
					<DefaultValue>OVTK_GDF_Feedback_Continuous</DefaultValue>
					<Value>OVTK_StimulationId_ExperimentStop</Value>
				</Setting>
				<Setting>
					<TypeIdentifier>(0x2c132d6e, 0x44ab0d97)</TypeIdentifier>
					<Name>Button 1 OFF</Name>
					<DefaultValue>OVTK_GDF_End_Of_Trial</DefaultValue>
					<Value>OVTK_StimulationId_ExperimentStart</Value>
				</Setting>
				<Setting>
					<TypeIdentifier>(0x2c132d6e, 0x44ab0d97)</TypeIdentifier>
					<Name>Button 2 ON</Name>
					<DefaultValue>OVTK_GDF_Feedback_Continuous</DefaultValue>
					<Value>OVTK_StimulationId_BaselineStart</Value>
				</Setting>
				<Setting>
					<TypeIdentifier>(0x2c132d6e, 0x44ab0d97)</TypeIdentifier>
					<Name>Button 2 OFF</Name>
					<DefaultValue>OVTK_GDF_End_Of_Trial</DefaultValue>
					<Value>OVTK_StimulationId_BaselineStop</Value>
				</Setting>
			</Settings>
			<Attributes>
				<Attribute>
					<Identifier>(0x17ee7c08, 0x94c14893)</Identifier>
					<Value></Value>
				</Attribute>
				<Attribute>
					<Identifier>(0x1fa7a38f, 0x54edbe0b)</Identifier>
					<Value>80</Value>
				</Attribute>
				<Attribute>
					<Identifier>(0x1fa963f5, 0x1a638cd4)</Identifier>
					<Value>39</Value>
				</Attribute>
				<Attribute>
					<Identifier>(0x207c9054, 0x3c841b63)</Identifier>
					<Value>496</Value>
				</Attribute>
				<Attribute>
					<Identifier>(0x4e7b798a, 0x183beafb)</Identifier>
					<Value>(0x09fd9ef3, 0xeb8c3069)</Value>
				</Attribute>
				<Attribute>
					<Identifier>(0xad100179, 0xa3c984ab)</Identifier>
					<Value>132</Value>
				</Attribute>
				<Attribute>
					<Identifier>(0xc80ce8af, 0xf699f813)</Identifier>
					<Value>1</Value>
				</Attribute>
				<Attribute>
					<Identifier>(0xce18836a, 0x9c0eb403)</Identifier>
					<Value>3</Value>
				</Attribute>
			</Attributes>
		</Box>
	</Boxes>
	<Links>
		<Link>
			<Identifier>(0x00002784, 0x00002fda)</Identifier>
			<Source>
				<BoxIdentifier>(0x0000124e, 0x00007581)</BoxIdentifier>
				<BoxOutputIndex>1</BoxOutputIndex>
			</Source>
			<Target>
				<BoxIdentifier>(0x00000ced, 0x00001256)</BoxIdentifier>
				<BoxInputIndex>0</BoxInputIndex>
			</Target>
			<Attributes>
				<Attribute>
					<Identifier>(0x1b32c44c, 0x1905e0e9)</Identifier>
					<Value>51</Value>
				</Attribute>
				<Attribute>
					<Identifier>(0x358ae8b5, 0x0f8bacd1)</Identifier>
					<Value>216</Value>
				</Attribute>
				<Attribute>
					<Identifier>(0x3f0a3b27, 0x570913d2)</Identifier>
					<Value>248</Value>
				</Attribute>
				<Attribute>
					<Identifier>(0x6267b5c5, 0x676e3e42)</Identifier>
					<Value>256</Value>
				</Attribute>
			</Attributes>
		</Link>
		<Link>
			<Identifier>(0x00007ca3, 0x00005ef4)</Identifier>
			<Source>
				<BoxIdentifier>(0x0000727d, 0x00004fc0)</BoxIdentifier>
				<BoxOutputIndex>0</BoxOutputIndex>
			</Source>
			<Target>
				<BoxIdentifier>(0x00003981, 0x000017b1)</BoxIdentifier>
				<BoxInputIndex>0</BoxInputIndex>
			</Target>
			<Attributes>
				<Attribute>
					<Identifier>(0x1b32c44c, 0x1905e0e9)</Identifier>
					<Value>106</Value>
				</Attribute>
				<Attribute>
					<Identifier>(0x358ae8b5, 0x0f8bacd1)</Identifier>
					<Value>488</Value>
				</Attribute>
				<Attribute>
					<Identifier>(0x3f0a3b27, 0x570913d2)</Identifier>
					<Value>168</Value>
				</Attribute>
				<Attribute>
					<Identifier>(0x6267b5c5, 0x676e3e42)</Identifier>
					<Value>496</Value>
				</Attribute>
			</Attributes>
		</Link>
	</Links>
	<Comments></Comments>
	<VisualisationTree>
		<VisualisationWidget>
			<Identifier>(0x0000682b, 0x000005f8)</Identifier>
			<Name>Default window</Name>
			<Type>1</Type>
			<ParentIdentifier>(0xffffffff, 0xffffffff)</ParentIdentifier>
			<BoxIdentifier>(0xffffffff, 0xffffffff)</BoxIdentifier>
			<NumChildren>1</NumChildren>
			<Attributes>
				<Attribute>
					<Identifier>(0x4c90d4ad, 0x7a2554ec)</Identifier>
					<Value>320</Value>
				</Attribute>
				<Attribute>
					<Identifier>(0x7b814cca, 0x271df6dd)</Identifier>
					<Value>480</Value>
				</Attribute>
			</Attributes>
		</VisualisationWidget>
		<VisualisationWidget>
			<Identifier>(0x00006837, 0x00001eb8)</Identifier>
			<Name>Default tab</Name>
			<Type>2</Type>
			<ParentIdentifier>(0x0000682b, 0x000005f8)</ParentIdentifier>
			<Index>0</Index>
			<BoxIdentifier>(0xffffffff, 0xffffffff)</BoxIdentifier>
			<NumChildren>1</NumChildren>
		</VisualisationWidget>
		<VisualisationWidget>
			<Identifier>(0x000072ed, 0x000020d5)</Identifier>
			<Name>Empty</Name>
			<Type>0</Type>
			<ParentIdentifier>(0x00006837, 0x00001eb8)</ParentIdentifier>
			<Index>0</Index>
			<BoxIdentifier>(0xffffffff, 0xffffffff)</BoxIdentifier>
			<NumChildren>0</NumChildren>
		</VisualisationWidget>
	</VisualisationTree>
</OpenViBE-Scenario>